{"cameraMode":{"drawMode":0,"name":"Shaded","section":"Shading Mode"},"sceneLighting":true,"audioPlay":false,"sceneViewState":{"m_AlwaysRefresh":false,"showFog":true,"showSkybox":true,"showFlares":true,"showImageEffects":true,"showParticleSystems":true,"showVisualEffectGraphs":true,"m_FxEnabled":true},"in2DMode":false,"pivot":{"x":-0.05347314476966858,"y":1.0561776161193848,"z":-0.5698039531707764},"rotation":{"x":-0.1184854805469513,"y":-0.027702733874320985,"z":0.003306455910205841,"w":-0.9925680756568909},"size":3.793398380279541,"orthographic":false}